18377,The Memlinc,The location,They did not prepare breakfast that they wrote they would do something in their mail.,5.4
18272,The Memlinc,"The location near to the beach, shoos and restaurants.
",,6.7
18248,The Memlinc,Location and nice restaurant.,At arrival welcome is quite cold.,7.5
18345,The Memlinc,"Big room with a large terrace overlooking the main square of Le Zoute and the sea. Centrally located. Great bar on the rooftop. Breakfast, within the current COVID-19 restrictions, was well organized and OK. We tried both restaurants, the Bistrot and the Seafood Restaurant. Both excellent. Not really cheap but hey, this is Le Zoute! Staff very friendly and helpful.",Nothing,10
18305,The Memlinc,Great Breakfast and the location is fantastic. Best Skybar ever. Nice view and good beds. xxxxxxxxxxxxxxxx,,10
18359,The Memlinc,Location,Dated facilities and cleanliness borderline,5.8
18107,The Memlinc,It was good despite Covid. Construction work on the front side but all was ok,N/a it was overall ok for a night and good value (covid time),7
