6183,Aris Grand Place Hotel,"Great, professional staff. Typical budget hotel. I enjoyed my stay. Wonderful location.",,8.8
6536,Aris Grand Place Hotel,"The location was great, close to the train station and close to the sights. Very helpful staff.",,10
6483,Aris Grand Place Hotel,Location is good. Close to Grand Place. 5 minute's walk from the station.,,10
5602,Aris Grand Place Hotel,Location location location,Nothing to complain5 for the price.  The staff at breakfast area were very nice,9.2
6088,Aris Grand Place Hotel,"The location is good. Very close to train station and easy to go everywhere in Brussels. The room is comfortable, and the staffs are nice.","There is nothing much that I don't like. The hotel is a little bit expensive compared with same level in other countries, but it's normal price in Brussels",9.2
6074,Aris Grand Place Hotel,"The simpathy of the workers, the cleaning and the localization",The view from the apartment,7.5
6802,Aris Grand Place Hotel,"Location was excellent, staff very friendly.",,10
