9466,B&B 22,"Nice and friendly host, and quiet new room. Internet ok, parking space on property. Coffee and Thee available in the room.",None,10
9518,B&B 22,"Amazing! Kindest host, quality breakfast, cleanest bathroom with wonderful bath. Quiet, beautiful farm area. Will definitely come again. Everything was perfect! Thank you so much.",,10
9532,B&B 22,,"I was welcomed very, very friendly, and the room was comfortable I could rest well. I had a good breakfast, this is a good start for a working day.",8.8
9506,B&B 22,"Friendly staff, good, fresh breakfast, silent neighbourhood- perfect for recover an relax after long day.",,8.8
9480,B&B 22,Very nice and quiet surroundings.  Very good bed,,8.3
9488,B&B 22,"The location is very beautiful and peaceful. The hosts are very friendly. Very clean rooms, kitchen and bathroom with a bathtub. Perfect place to stay both for work and holidays. ",,10
9474,B&B 22,"Superb B&B, a little off the beaten path but easy to find and well worth it.  The Hosts were very welcoming and helpful, apartment had excellent facilities, very clean and comfortable, beautiful views and very peaceful, look foward to staying again in the future.",,10
