24114,B&B Duplex appartment in old mansion,amazing apartment with very lovely hosts. cosy rooms and the pool in the garden was perfect for the hot days. Breakfast was served in the garden and city centre is 3min walking distance,,9.6
24013,B&B Duplex appartment in old mansion,"We did like the excellent hospitality and the facilities, in particular the sauna. We also had a great breakfast in the garden. As a bonus there were two cute cats, including an ""old lady"" of 17 years .",,10
24078,B&B Duplex appartment in old mansion,Friendly greeting. properties facilities . and great location .,,10
24027,B&B Duplex appartment in old mansion,Excellent breakfast.,Perhaps misses an oven but not very important.,9
24132,B&B Duplex appartment in old mansion,"Nice room and bathroom, excellent extra's like sauna and swimming pool. Very good breakfast. Very good location close to city centre, walking distance. Friendly owners",Nothing,9.6
24059,B&B Duplex appartment in old mansion,Very helpful and friendly hosts. Delicious breakfast! Close to city center.,,9
24149,B&B Duplex appartment in old mansion,"We thought about keeping this a secret, since we definitely want to come back, but we felt we owe it to the great hosts: This place is simply amazing! The rooms, the breakfast, the pool, the location..everything!",,10
