9581,B&B Exclusive Guesthouse Bonifacius,"Great location and building. Friendly, helpful owner",,9
9759,B&B Exclusive Guesthouse Bonifacius,"This was our second stay at the Bonifacius and it did not disappoint.  Wonderful in everyway. Location is the best, breakfast delightful and extremely comfortable and spacious rooms.  Can't wait to go back.",,10
9662,B&B Exclusive Guesthouse Bonifacius,Beautiful house and amazing attention to details like the fine crockery and glassware,It got a bit hot but we turned down the heating and opened the windows!,10
9734,B&B Exclusive Guesthouse Bonifacius,"The unexpected little details were greatly appreciated such as the Champagne and Belgian chocolates offered at breakfast. Lynne was a great host, and the fact that drinks were available any time of day.",,10
9788,B&B Exclusive Guesthouse Bonifacius,"Lin was the best host. We were blown away by her attentiveness and kindness. She was so helpful from the point of arrival through our departure. Breakfast was delicious, the location was fabulous and we felt very comfortable and safe.  The hospitality was the highlight. Lin and her staff were absolutely wonderful!","The only piece of negative feedback we had was that it was a little noisy at night. The AC rattled when running, but it was too hot not to run the AC (this kept us up) and the walls are quite thin, so we were woken up by a guest arriving next door.",9.2
9566,B&B Exclusive Guesthouse Bonifacius,. we immediately felt welcome and the host was really taking care of us . very good breakfast and mini-bar included in the price . excellent location in the center and very charming house . highly recommended,,9
10082,B&B Exclusive Guesthouse Bonifacius,Amazing stay at this very beautiful special and romantic guesthouse. Lynn was a very charming helpful and kind host. The room was really lovely and the location very central . The breakfasts were truly amazing such fabulous food service and setting . Wonderful hospitality memorable for all the right reasons! Fantastic thank you so much .,Absolutely nothing,10
