14330,B&B Fresco,"Every thing,room breakfast and host superb,and great we put our motorcycle in garage",Nothing,10
14067,B&B Fresco,Erik was a marvellous host with tips and info in addition to an exceptional breakfast.  The b&b had those lovely additional items like fluffy dressing gowns.,,10
14151,B&B Fresco,"Home from home,  friendly and excellent hosts, was able to put motorcycle in garage ",,7.9
14211,B&B Fresco,Friendly owners. Lovely breakfasts and clean accommodation.  I came here 3 years ago with my cycling buddies and my wife and I stayed for 3 nights this time. Highly recommended and near to ypres centre as well as main roads.,Couldn't find fault.,10
14300,B&B Fresco,The owners were very welcoming. The walk into town was enjoyable  The breakfast was very filling.  The accommodation as a whole was very comfortable,,10
14239,B&B Fresco,Extra comfy bed and pillows. Attention to detail in everything.  Welcoming and informative hosts. Especially lovely breakfast which was enough for us to make rolls for lunch. Close enough to town to walk. Use of top floor including lounge and dining space and bedroom had UK TV!,Nothing,10
14339,B&B Fresco,"Love, love, loved our hosts Eric and Rosita. They made our stay wonderful. Breakfast was amazing and we had great conversation with the two of them. Would recommend their place to any/everyone interest in visiting Ypres!",,10
