12712,B&B Martijn Dewulf Ghent,Martijn and Gina were super welcoming and helpful. The apartment was clean and freshly refurnished. We really enjoyed staying with them. Gent City Center was in walking -distance.,,10
12883,B&B Martijn Dewulf Ghent,The owners were very helpful and friendly brilliant.,not very private on ground floor if it was a busy time.,9.2
12965,B&B Martijn Dewulf Ghent,Hosts and facilities were excellent - hope to return for a longer stay and will definitely recommend the place to friends and family.,Not applicable,10
12804,B&B Martijn Dewulf Ghent,Every thing was great,"The starir was a small and it was dificult to move specialy with bags, other wise our staying was nice",10
12870,B&B Martijn Dewulf Ghent,Flat well kept and comfortableproperty,"I have already completed this before
",8.8
12760,B&B Martijn Dewulf Ghent,"Garage, free parking, located in an art gallery",Wi-Fi was weak in our flat,9
12844,B&B Martijn Dewulf Ghent,Amazing hosts and 35 min stroll into the old town.,If you are not good with stairs it is not the place for you.,9.6
