14039,B&B Number 11 Exclusive Guesthouse,Very well located comfortable property.  Staff was exceedingly personable.,,10
14005,B&B Number 11 Exclusive Guesthouse,"Fantastic place, wonderful location, great breakfast & a warm welcome. We'll be back!",,10
14109,B&B Number 11 Exclusive Guesthouse,"We had a wonderful time!The room was beautiful, the breakfast amazing and our host very friendly and helpful!If you want to come to Brigge, it's the perfect place to stay!",,10
14000,B&B Number 11 Exclusive Guesthouse,"breakfast was ""normal"", nothing special. Location very good.",,9
14051,B&B Number 11 Exclusive Guesthouse,"The location of this beautiful guesthouse was perfect for exploring Bruges, which in itself is a magical place. The house is wonderfully decorated and furnished with many lovely little touches. Breakfast was perfect, and the owner of the guesthouse a pleasure to speak to and very informative and helpful.",,9
14173,B&B Number 11 Exclusive Guesthouse,"The bed was crisp, clean and extra comfy. The breakfast was absolutely beautifully presented. Our host Tania couldn't have been more accommodating.",,9.2
14217,B&B Number 11 Exclusive Guesthouse,"Location, size of room, great attention to detail","Nothing at all
",10
