4237,B&B Ter Vesten,Lovely friendly welcome - beautiful house and garden and great breakfast provided. Very convenient for everything we wanted. A lovely host,Nothing comes to mind,9.6
4265,B&B Ter Vesten,"Lovely friendly atmosphere, clean, fantastic breakfast.
Recommend ",Weather,10
4725,B&B Ter Vesten,Water bed and was very comfortable. The range of foods available for breakfast as remarkable given the small number of guests staying there. The host was very friendly and spoke excellent English.,Nothing.,9.6
4073,B&B Ter Vesten,The beds were very comfy the owner was really nice and helpful the breakfast was good too,Our room was a little tight but lovely over all :),9.2
4487,B&B Ter Vesten,,Only issue was advertised wifi didn't work in our room,10
4283,B&B Ter Vesten,Magda was a wonderful hostess. Breakfast was fantastic! All that we wanted to see was easily walkable to.,,10
4506,B&B Ter Vesten,Breakfast was great and the location was excellent,,8.3
