3817,B&B Ter Vesten,Host great.lovely breakfast and a good location to the centretea t,Tea and coffee facilities outside of room,9
4579,B&B Ter Vesten,"Excellent location only a short walking distance to the city centre. 
Excellent breakfast with a broad choice of everything plus bacon & eggs.
Attentive host Magda. 
",Parking on street limited to 3 hours during the working week.,9.6
4133,B&B Ter Vesten,Good location. Rooms spotless also the owner let us use her garage for our motorcycle. Breakfasts was excellent. We will return. Top marks.,Nothing not to like,10
4027,B&B Ter Vesten,The hosts was very friendly! The room was clean and comfortable and the breakfast was excellent!,,10
4162,B&B Ter Vesten,"Great location, walking distance from the town centre and Menin Gate. Nice roof terrace and garden. Quiet at night. Comfortable bed. Excellent breakfast.","The room was very small, but everything we needed was provided.",9.6
4013,B&B Ter Vesten,Everything. The host was so lovely and friendly,Nothing,10
4197,B&B Ter Vesten,Breakfast excellent location excellent.,Nothing,10
