3697,B&B Ter Vesten,"Breakfast was freshly cooked by host, which was delicious.  Very quiet location, great night's sleep.  Very close walking distance to centre of town.  Beautiful garden, beautiful house.","Would have liked to stay for more than 1 night, maybe next time we visit Ypres we'll stay for longer.",10
4695,B&B Ter Vesten,Breakfast was great- lots of choice and delicious bacon and eggs. Good location which was easy to find with free parking outside.,,9.2
3736,B&B Ter Vesten,"Very cozy B&B with a heartful owner. Breakfast is excellent..fresh fruits, different kind of eggs.",,8.8
4175,B&B Ter Vesten,"Very comfortable room, very clean. Would stay again",,10
4467,B&B Ter Vesten,"Perfect location, warm welcome and comfortable room. ",,10
4611,B&B Ter Vesten,"Great Breafast, the best of our stay, owner was lovely","Smallish bathroom, but we had 2 tall men with us.",9
4561,B&B Ter Vesten,"This was the perfect B&B and had everything you needed. The room was clean and spacious- excellent shower/tea&coffee making facilities in the room. Breakfast had everything you could want (fresh fruit, cereal, yoghurts, fresh bread, hams & cheeses) inc freshly made eggs & bacon cooked to your choice. The location was also very central. Everywhere was spotless clean and the owner very friendly.  ",,10
