24198,Best Western Plus Park Hotel Brussels,"Friendly Staff, Clean room with comfortable bed.",,10
24150,Best Western Plus Park Hotel Brussels,Very spacious and clean. Perfect location for our needs.,The pillows were too big,10
23905,Best Western Plus Park Hotel Brussels,Delicious breakfast and I liked the ability to press orange juice,,9
23921,Best Western Plus Park Hotel Brussels,"Pleasant district, good localities.","You should take care, because the wole payment was blocked at your account by the booking.",8.8
24293,Best Western Plus Park Hotel Brussels,,"Our car parked in front of the hotel, however the reverse mirror of our car was destroyed !!!",6.3
24097,Best Western Plus Park Hotel Brussels,,"Staff formal and not flexible. Cancellation one day before arrival, resulted in 100% payment for two days. Not only for first night, but for total stay
",2.5
23740,Best Western Plus Park Hotel Brussels,"Friendly staff
Nice room
Great breakfast",,8
