23975,Boutique Hotel Leuvenatel,"I liked it was cosy and nice and bath was clean. There was microwave and other facilities such ironing, freezer etc.",The sheet of the bed and the pillows were smelling,8
24219,Boutique Hotel Leuvenatel,"The hotel is ideal for latecomers - walking distance from the train station and self check-in. Most of the hotels and B&B's do not accept guest arriving after 22-00. Room is spacious enough, clean and cozy, I found everything I needed and even more than you can get in a big hotel. Excellent value for money.",,9
23982,Boutique Hotel Leuvenatel,"Great location, excellent value, super easy self-check in",,9
24140,Boutique Hotel Leuvenatel,"This place had very comfortable bed, amazing shower, nice space with a table to have breakfast, nespresso machine and TV with a lot of channels in English. Spotless clean with spacious bathroom. Cleaning service every day. Perfect location in the center for shopping, restaurant, M museum and also train station is easy walking distance! Easy self check in and good communication from the host.",,9
24189,Boutique Hotel Leuvenatel,"Everything was great, loved the amenities and felt like the owner put a lot of thought into making guests feel like at home.",,9
24122,Boutique Hotel Leuvenatel,"Swift and open communication with the host, cleanliness, as well as quality/price ratio. Good location too. Would stay again.","Some weirdness with the internet connection stability and safety (got some red flags from connection security apps) throughout the stay, which can be bothersome to people travelling on business. But as far as I understood, it was a general problem all across Leuven with this internet provider during the days of my stay. Hopefully it is true.",9
24008,Boutique Hotel Leuvenatel,"Very easy and modern, small scale hotel featuring three rooms. Contact per WhatsApp was very easy and agreeable, nice equipment and style of furniture. A big plus is the rain shower which was amazing and the complimentary coffee and tea. Also hand sanitizer was provided in the entry which was nice to conform to corona rules!",Nothing! If anything I didn't like the cushions but everyone feels different about those!,10
