18635,Citadines Sainte Catherine Brussels,Central location the rooms were studio style ideal for cooking quick dinners as we are travelling to a budget this spas ideal. Staff very friendly and helpful.,The weather raining!,9
19897,Citadines Sainte Catherine Brussels,Spacious rooms Excellent location,Nothing,10
19947,Citadines Sainte Catherine Brussels,"Excellent location, friendly staff, brilliant facilities (complimentary tea and coffee) and very clean ",,10
19306,Citadines Sainte Catherine Brussels,"The location of the hotel was great, next to the metro station with many restaurants and bar around. The bed was also very good.",The room was very hot and there was no air-conditioning. There was an extra price for the cleanup.,7.5
20547,Citadines Sainte Catherine Brussels,"Friendly staff, comfortable rooms and the location is just fine!",,10
18519,Citadines Sainte Catherine Brussels,Fantastic location near the center. Very appreciate kitchen with fridge.,"Noisy nights, impossible to sleep with opened windows. Pillows were awful (like a rubber), contribute to neck/back pain. ",8
19105,Citadines Sainte Catherine Brussels,"Cleanness,Absences  location",Some basic such as salt pepper and oil should be part of kitchen,9.6
