25103,Cosy apartment - 5-Star Location !,Location & self contained.,Access & stairs to property were under renovation & was a shock to us we didn't expect anything like it. My partner was in tears when we opened the door. However once we got into the apartment it was fine. It would have been better if we had some advanced warning re the condition of the access.,6
25150,Cosy apartment - 5-Star Location !,,"It's not an hotel it's more Airbnb like, it has none of the specificity of an hotel.. and the place is above a bar that closes at 2, it could be nice to mention it..",4
25133,Cosy apartment - 5-Star Location !,"Easy check in 
Clean apartments
Good wifi
Price-quality 10/10
Highly recommended ",,10
25118,Cosy apartment - 5-Star Location !,Well decorated flat with nearby parking friendly host,,10
25078,Cosy apartment - 5-Star Location !,"We really like the style in the room and very functional. It's close to the main shopping street and there is a supermarket cross street. The only thing need to take care is apartment have narrow stairs,so don't bring your big or heavy size luggages here~",,9
25071,Cosy apartment - 5-Star Location !,,Maybe the noise of the neighbours but it's normal for the location. An idea is to separate the toilet from the sleeping room. Otherwise a very good appartment,10
25057,Cosy apartment - 5-Star Location !,Thx for  the nice service . We will be back here for sure !!,,10
