16010,Domaine de Ronchinne - Chateau et Ecuries,"We loved our room .. Was beyond our expectations, the view was excellent. The green and everything. Our overall stay was excellent. I would recommend this accomodation.",The meals can be improved,9.2
16170,Domaine de Ronchinne - Chateau et Ecuries,"Nice building, nice location","Very small room, noise made by the castle front door every time someone is using it",7.9
16119,Domaine de Ronchinne - Chateau et Ecuries,The surroundings and the classic styles.,I didn't like housekeeping on my door at 9AM. The roads around the chateau were horrible to drive on. I missed a minibar/refrigerator.,8.8
16327,Domaine de Ronchinne - Chateau et Ecuries,"The Chateau was in a great location, all the staff were very friendly and spoke good English. Both the evening meal and breakfast were very nice and there was a good selection for both. Would happily visit again.",,9.6
15883,Domaine de Ronchinne - Chateau et Ecuries,"The grounds, the feeling of quietness and freedom to walk around our relax on garden chairs scattered here and there.","Swimming pool and spa area a bit overcrowded (it was a very hot weekend) but everywhere else very pleasant and quiet. Fantastic cafeteria terrace, but food pretty grim and overpriced.",9
15978,Domaine de Ronchinne - Chateau et Ecuries,Hotel was really nice - the old castle was charming. Area was beautiful and peaceful.,staff (one receptionist) was not very competent. I had feeling that they dont care about client and that they are not very flexible. I guess it is minus in all big hotels.,7.9
15737,Domaine de Ronchinne - Chateau et Ecuries,"Fantastic property and facilities, staff were super friendly.",Our room didn't have a lot of natural light so it didn't really make us feel like spending much time there.,8
